{
    "pos_ratio": 0.8409258440218192,
    "accuracy": 0.8466755123101872,
    "f1_score": 0.916331456154465,
    "macro_f1_score": 0.500419249203993,
    "micro_f1_score": 0.8466755123101872,
    "auc_score": 0.7098462357359094
}