{
    "pos_ratio": 0.9394377842083506,
    "accuracy": 0.9481190574617611,
    "f1_score": 0.9728384373985499,
    "macro_f1_score": 0.6979134715728381,
    "micro_f1_score": 0.9481190574617611,
    "auc_score": 0.8759368769641469
}