{
    "pos_ratio": 0.9394377842083506,
    "accuracy": 0.9456386936750724,
    "f1_score": 0.971515217155854,
    "macro_f1_score": 0.6889178794582882,
    "micro_f1_score": 0.9456386936750724,
    "auc_score": 0.885522477162392
}