{
    "pos_ratio": 0.8409258440218192,
    "accuracy": 0.8491817779743477,
    "f1_score": 0.9169440610538281,
    "macro_f1_score": 0.5489444084292359,
    "micro_f1_score": 0.8491817779743477,
    "auc_score": 0.7117628459679695
}