{
    "pos_ratio": 0.9394377842083506,
    "accuracy": 0.9439851178172799,
    "f1_score": 0.9706678211927697,
    "macro_f1_score": 0.6752652607108014,
    "micro_f1_score": 0.9439851178172799,
    "auc_score": 0.8727687103181309
}