{
    "pos_ratio": 0.8409258440218192,
    "accuracy": 0.843874391862008,
    "f1_score": 0.9143965726295368,
    "macro_f1_score": 0.5141020520051449,
    "micro_f1_score": 0.843874391862008,
    "auc_score": 0.686346475555908
}