{
    "pos_ratio": 0.9394377842083506,
    "accuracy": 0.9433650268706076,
    "f1_score": 0.9702819956616052,
    "macro_f1_score": 0.6847024013395746,
    "micro_f1_score": 0.9433650268706076,
    "auc_score": 0.8804717331801439
}