{
    "pos_ratio": 0.9394377842083506,
    "accuracy": 0.9452252997106242,
    "f1_score": 0.971335857220119,
    "macro_f1_score": 0.678243334642542,
    "micro_f1_score": 0.9452252997106242,
    "auc_score": 0.8793821361658349
}