{
    "pos_ratio": 0.8409258440218192,
    "accuracy": 0.8452012383900929,
    "f1_score": 0.9154997585707387,
    "macro_f1_score": 0.4972235634958957,
    "micro_f1_score": 0.8452012383900929,
    "auc_score": 0.6717705864996288
}