{
    "pos_ratio": 0.9394377842083506,
    "accuracy": 0.944605208763952,
    "f1_score": 0.970983109571243,
    "macro_f1_score": 0.680946100240167,
    "micro_f1_score": 0.944605208763952,
    "auc_score": 0.8770910538152792
}