{
    "pos_ratio": 0.8409258440218192,
    "accuracy": 0.8478549314462627,
    "f1_score": 0.9161793372319688,
    "macro_f1_score": 0.5466064150274677,
    "micro_f1_score": 0.8478549314462627,
    "auc_score": 0.6919416256026372
}