{
    "pos_ratio": 0.93772083506,
    "accuracy": 0.96245451661596,
    "f1_score": 0.9703435444613385315,
    "macro_f1_score": 0.63265653609913,
    "micro_f1_score": 0.94264329061596,
    "auc_score": 0.8559313951873003
}