{
    "pos_ratio": 0.9394377842083506,
    "accuracy": 0.9450186027284002,
    "f1_score": 0.9712245781047165,
    "macro_f1_score": 0.6777419186819879,
    "micro_f1_score": 0.9450186027284002,
    "auc_score": 0.8660433961484886
}