{
    "pos_ratio": 0.9394377842083506,
    "accuracy": 0.9452252997106242,
    "f1_score": 0.9713234498430906,
    "macro_f1_score": 0.68106402377212,
    "micro_f1_score": 0.9452252997106242,
    "auc_score": 0.8879772618900115
}