{
    "pos_ratio": 0.8409258440218192,
    "accuracy": 0.8447589562140646,
    "f1_score": 0.9151832460732985,
    "macro_f1_score": 0.5001632998394294,
    "micro_f1_score": 0.8447589562140646,
    "auc_score": 0.7232495089864258
}